episode,env_steps,weight_norm,srank,srank_max
2998,409600,31.8223819732666,76,256
5865,819200,35.70844650268555,65,256
8522,1228800,38.56210708618164,64,256
10991,1638400,41.247440338134766,44,256
13274,2048000,43.68943405151367,51,256
15451,2457600,45.65174865722656,52,256
17438,2867200,47.463829040527344,43,256
19317,3276800,49.61497497558594,44,256
21042,3686400,51.19154739379883,45,256
22621,4096000,52.80156707763672,36,256
24108,4505600,54.503665924072266,35,256
25490,4915200,56.28252029418945,36,256
26772,5324800,57.75212097167969,30,256
27918,5734400,59.20525360107422,35,256
28937,6144000,60.494468688964844,41,256
29853,6553600,61.96158218383789,15,256
30716,6963200,63.54138946533203,35,256
31494,7372800,64.88043975830078,32,256
32221,7782400,66.2525405883789,29,256
32896,8192000,67.5511245727539,30,256
33558,8601600,68.90609741210938,32,256
34159,9011200,70.15266418457031,32,256
34731,9420800,71.3916244506836,29,256
35189,9830400,72.64667510986328,23,256
35621,10240000,73.69367218017578,43,256
35997,10649600,74.82054138183594,47,256
36437,11059200,76.1482925415039,29,256
36821,11468800,77.2200927734375,24,256
37244,11878400,78.38819885253906,26,256
37547,12288000,79.43185424804688,16,256
37897,12697600,80.69849395751953,27,256
38216,13107200,81.757080078125,26,256
38579,13516800,83.00332641601562,26,256
38952,13926400,84.07835388183594,46,256
39345,14336000,84.9730453491211,19,256
39711,14745600,86.18595123291016,19,256
40099,15155200,87.29390716552734,23,256
40508,15564800,88.2741470336914,30,256
40822,15974400,89.26976013183594,43,256
41150,16384000,90.38204193115234,25,256
41447,16793600,91.453369140625,28,256
41786,17203200,92.60933685302734,27,256
42194,17612800,93.66178894042969,29,256
42464,18022400,94.61676788330078,28,256
42801,18432000,95.74584197998047,36,256
43142,18841600,96.87094116210938,29,256
43455,19251200,98.01415252685547,30,256
43796,19660800,98.84679412841797,27,256
44116,20070400,99.75236511230469,24,256
44437,20480000,100.82217407226562,28,256
44751,20889600,101.80679321289062,37,256
45072,21299200,102.70382690429688,30,256
45422,21708800,103.70269012451172,26,256
45771,22118400,104.68978118896484,32,256
46155,22528000,105.63859558105469,29,256
46457,22937600,106.687255859375,37,256
46754,23347200,107.55094909667969,18,256
47072,23756800,108.45577239990234,28,256
47355,24166400,109.26483917236328,33,256
47704,24576000,110.14865112304688,35,256
47995,24985600,111.07763671875,28,256
48301,25395200,111.98653411865234,45,256
48613,25804800,112.86137390136719,25,256
48898,26214400,113.8816146850586,35,256
49240,26624000,114.71568298339844,26,256
49523,27033600,115.53924560546875,35,256
49814,27443200,116.33570098876953,27,256
50108,27852800,117.16263580322266,29,256
50398,28262400,118.014404296875,25,256
50671,28672000,118.81855010986328,29,256
50931,29081600,119.59207153320312,20,256
51263,29491200,120.53565216064453,15,256
51533,29900800,121.20543670654297,31,256
51808,30310400,122.12739562988281,39,256
52132,30720000,122.96222686767578,29,256
52431,31129600,123.6602783203125,34,256
52715,31539200,124.42080688476562,31,256
53011,31948800,125.27037048339844,29,256
53279,32358400,126.0323715209961,30,256
53547,32768000,126.8423843383789,25,256
53832,33177600,127.47457122802734,28,256
54126,33587200,128.12265014648438,25,256
54438,33996800,128.9174041748047,30,256
54716,34406400,129.6176300048828,26,256
54979,34816000,130.3498992919922,27,256
55235,35225600,131.04664611816406,23,256
55521,35635200,131.7777099609375,27,256
55796,36044800,132.50440979003906,28,256
56066,36454400,133.18505859375,20,256
56319,36864000,133.8840789794922,22,256
56579,37273600,134.6705322265625,30,256
56826,37683200,135.33831787109375,25,256
57131,38092800,136.03738403320312,27,256
57408,38502400,136.76065063476562,29,256
57647,38912000,137.30252075195312,30,256
57915,39321600,137.97991943359375,23,256
58209,39731200,138.80599975585938,27,256
58478,40140800,139.38052368164062,33,256
58756,40550400,140.09188842773438,24,256
59019,40960000,140.70126342773438,31,256
59297,41369600,141.2313232421875,34,256
59601,41779200,141.78768920898438,26,256
59850,42188800,142.37945556640625,36,256
60125,42598400,143.00152587890625,26,256
60370,43008000,143.526611328125,21,256
60617,43417600,144.1402587890625,27,256
60881,43827200,144.780517578125,26,256
61140,44236800,145.38665771484375,28,256
61383,44646400,145.8737335205078,33,256
61634,45056000,146.40658569335938,38,256
61960,45465600,147.0644989013672,26,256
62195,45875200,147.7104949951172,24,256
62477,46284800,148.22438049316406,35,256
62725,46694400,148.84527587890625,21,256
62963,47104000,149.43081665039062,25,256
63222,47513600,149.9676055908203,31,256
63478,47923200,150.5433807373047,23,256
63715,48332800,150.93679809570312,16,256
63976,48742400,151.46517944335938,30,256
64243,49152000,151.96591186523438,35,256
64477,49561600,152.44384765625,22,256
64736,49971200,152.93804931640625,28,256
64990,50380800,153.48251342773438,36,256
65229,50790400,153.9729766845703,26,256
65484,51200000,154.4317169189453,28,256
65730,51609600,154.9451446533203,21,256
65988,52019200,155.41397094726562,19,256
66209,52428800,155.8596954345703,28,256
66472,52838400,156.35801696777344,27,256
66711,53248000,156.84759521484375,25,256
66943,53657600,157.42201232910156,27,256
67165,54067200,157.74557495117188,31,256
67435,54476800,158.1709442138672,37,256
67679,54886400,158.64170837402344,31,256
67910,55296000,159.03475952148438,29,256
68198,55705600,159.61827087402344,22,256
68459,56115200,159.99444580078125,28,256
68693,56524800,160.32154846191406,24,256
68947,56934400,160.8097686767578,25,256
69185,57344000,161.31640625,25,256
69409,57753600,161.72361755371094,27,256
69657,58163200,162.13404846191406,26,256
69875,58572800,162.5411834716797,33,256
70109,58982400,163.0354766845703,32,256
70345,59392000,163.49765014648438,27,256
70554,59801600,163.82394409179688,26,256
70790,60211200,164.2274932861328,25,256
71021,60620800,164.60955810546875,23,256
71260,61030400,165.01336669921875,21,256
71489,61440000,165.29310607910156,30,256
71708,61849600,165.70936584472656,25,256
71929,62259200,165.9924774169922,25,256
72139,62668800,166.37989807128906,22,256
72388,63078400,166.74502563476562,20,256
72621,63488000,167.19781494140625,22,256
72846,63897600,167.50942993164062,25,256
73079,64307200,167.85690307617188,26,256
73314,64716800,168.1558380126953,29,256
73567,65126400,168.4492645263672,22,256
73801,65536000,168.78404235839844,26,256
74053,65945600,169.0797882080078,20,256
74290,66355200,169.43849182128906,32,256
74514,66764800,169.72630310058594,26,256
74739,67174400,170.05845642089844,24,256
74963,67584000,170.37442016601562,27,256
75170,67993600,170.6909942626953,25,256
75390,68403200,170.96466064453125,28,256
75607,68812800,171.29742431640625,21,256
75850,69222400,171.51150512695312,26,256
76081,69632000,171.84271240234375,21,256
76295,70041600,172.14590454101562,25,256
76510,70451200,172.3802032470703,26,256
76714,70860800,172.6256103515625,28,256
76961,71270400,172.83303833007812,29,256
77224,71680000,173.06385803222656,19,256
77444,72089600,173.3027801513672,24,256
77650,72499200,173.55931091308594,25,256
77883,72908800,173.8872833251953,29,256
78109,73318400,174.08108520507812,27,256
78316,73728000,174.34156799316406,24,256
78558,74137600,174.5673065185547,26,256
78758,74547200,174.87167358398438,26,256
78971,74956800,175.08706665039062,29,256
79205,75366400,175.3165740966797,26,256
79427,75776000,175.5648193359375,20,256
79669,76185600,175.76634216308594,27,256
79912,76595200,175.98936462402344,25,256
80139,77004800,176.22743225097656,26,256
80360,77414400,176.4045867919922,25,256
80572,77824000,176.6248321533203,23,256
80775,78233600,176.82054138183594,24,256
81001,78643200,176.96658325195312,22,256
81214,79052800,177.1831817626953,31,256
81448,79462400,177.35520935058594,32,256
81679,79872000,177.56541442871094,27,256
81884,80281600,177.70620727539062,35,256
82106,80691200,177.89759826660156,25,256
82318,81100800,178.0699005126953,23,256
82524,81510400,178.24632263183594,24,256
82759,81920000,178.4051513671875,25,256
82969,82329600,178.55296325683594,32,256
83180,82739200,178.679443359375,24,256
83376,83148800,178.8317413330078,27,256
83589,83558400,179.00071716308594,36,256
83807,83968000,179.13723754882812,22,256
84003,84377600,179.26622009277344,28,256
84204,84787200,179.4097442626953,28,256
84415,85196800,179.58432006835938,26,256
84631,85606400,179.69528198242188,27,256
84839,86016000,179.78863525390625,23,256
85059,86425600,179.90599060058594,30,256
85270,86835200,180.0332489013672,24,256
85476,87244800,180.1593017578125,26,256
85684,87654400,180.2388153076172,29,256
85879,88064000,180.37844848632812,28,256
86091,88473600,180.4584503173828,34,256
86292,88883200,180.55479431152344,28,256
86490,89292800,180.64820861816406,29,256
86692,89702400,180.69268798828125,27,256
86893,90112000,180.74349975585938,29,256
87091,90521600,180.83460998535156,30,256
87309,90931200,180.9161376953125,25,256
87505,91340800,180.9639129638672,24,256
87707,91750400,181.0623779296875,30,256
87912,92160000,181.1376953125,31,256
88103,92569600,181.19300842285156,27,256
88301,92979200,181.24501037597656,23,256
88525,93388800,181.32806396484375,29,256
88728,93798400,181.3836212158203,22,256
88922,94208000,181.43057250976562,21,256
89126,94617600,181.48004150390625,25,256
89316,95027200,181.54493713378906,23,256
89504,95436800,181.5858154296875,22,256
89705,95846400,181.6038360595703,27,256
89884,96256000,181.65289306640625,27,256
90076,96665600,181.68002319335938,26,256
90271,97075200,181.71051025390625,27,256
90468,97484800,181.73374938964844,26,256
90703,97894400,181.74423217773438,23,256
90885,98304000,181.76321411132812,24,256
91065,98713600,181.76754760742188,28,256
91265,99123200,181.77557373046875,29,256
91444,99532800,181.78271484375,29,256
91638,99942400,181.78518676757812,22,256
91660,99999744,181.78521728515625,27,256
